method,route,domain,runtime_present,openapi_present,decision,owner,target_week,evidence_ref
POST,/admin/lifecycle/request-maintenance,slice_e_residual,true,true,implement,api-contract-team,week_2,runtime+openapi
POST,/admin/lifecycle/request-shutdown,slice_e_residual,true,true,implement,api-contract-team,week_2,runtime+openapi
POST,/admin/lifecycle/safe-restart,slice_e_residual,true,true,implement,api-contract-team,week_2,runtime+openapi
*,/docs,slice_e_residual,true,false,exclude,api-contract-team,week_2,docs/api/openapi_route_coverage_exclusions.txt
GET,/healthz,slice_e_residual,true,true,implement,api-contract-team,week_2,runtime+openapi
GET,/healthz/all,slice_e_residual,true,true,implement,api-contract-team,week_2,runtime+openapi
GET,/healthz/{component},slice_e_residual,true,true,implement,api-contract-team,week_2,runtime+openapi
*,/internal/models,slice_e_residual,true,false,exclude,api-contract-team,week_2,docs/api/openapi_route_coverage_exclusions.txt
GET,/metrics,slice_e_residual,true,true,implement,api-contract-team,week_2,runtime+openapi
GET,/readyz,slice_e_residual,true,true,implement,api-contract-team,week_2,runtime+openapi
*,/system/ready,slice_e_residual,true,false,exclude,api-contract-team,week_2,docs/api/openapi_route_coverage_exclusions.txt
GET|POST,/v1/activity/events,slice_e_residual,true,true,implement,api-contract-team,week_2,runtime+openapi
GET,/v1/activity/feed,slice_e_residual,true,true,implement,api-contract-team,week_2,runtime+openapi
GET|POST,/v1/adapter-repositories,slice_a_adapters_repos,true,true,implement,api-contract-team,week_1,runtime+openapi
GET,/v1/adapter-repositories/{repo_id},slice_a_adapters_repos,true,true,implement,api-contract-team,week_1,runtime+openapi
POST,/v1/adapter-repositories/{repo_id}/archive,slice_a_adapters_repos,true,true,implement,api-contract-team,week_1,runtime+openapi
GET|PUT,/v1/adapter-repositories/{repo_id}/policy,slice_a_adapters_repos,true,true,implement,api-contract-team,week_1,runtime+openapi
POST,/v1/adapter-repositories/{repo_id}/resolve-version,slice_a_adapters_repos,true,true,implement,api-contract-team,week_1,runtime+openapi
GET,/v1/adapter-repositories/{repo_id}/versions,slice_a_adapters_repos,true,true,implement,api-contract-team,week_1,runtime+openapi
POST,/v1/adapter-repositories/{repo_id}/versions/checkout,slice_a_adapters_repos,true,true,implement,api-contract-team,week_1,runtime+openapi
POST,/v1/adapter-repositories/{repo_id}/versions/rollback,slice_a_adapters_repos,true,true,implement,api-contract-team,week_1,runtime+openapi
GET|POST,/v1/adapter-stacks,slice_a_adapters_repos,true,true,implement,api-contract-team,week_1,runtime+openapi
POST,/v1/adapter-stacks/deactivate,slice_a_adapters_repos,true,true,implement,api-contract-team,week_1,runtime+openapi
DELETE|GET|PUT,/v1/adapter-stacks/{id},slice_a_adapters_repos,true,true,implement,api-contract-team,week_1,runtime+openapi
POST,/v1/adapter-stacks/{id}/activate,slice_a_adapters_repos,true,true,implement,api-contract-team,week_1,runtime+openapi
GET,/v1/adapter-stacks/{id}/history,slice_a_adapters_repos,true,true,implement,api-contract-team,week_1,runtime+openapi
GET,/v1/adapter-stacks/{id}/policies,slice_a_adapters_repos,true,true,implement,api-contract-team,week_1,runtime+openapi
POST,/v1/adapter-versions/draft,slice_a_adapters_repos,true,true,implement,api-contract-team,week_1,runtime+openapi
GET,/v1/adapter-versions/{version_id},slice_a_adapters_repos,true,true,implement,api-contract-team,week_1,runtime+openapi
POST,/v1/adapter-versions/{version_id}/promote,slice_a_adapters_repos,true,true,implement,api-contract-team,week_1,runtime+openapi
POST,/v1/adapter-versions/{version_id}/tag,slice_a_adapters_repos,true,true,implement,api-contract-team,week_1,runtime+openapi
PUT,/v1/adapter-versions/{version_id}/weight,slice_a_adapters_repos,true,true,implement,api-contract-team,week_1,runtime+openapi
GET,/v1/adapteros/receipts/{digest},slice_e_residual,true,true,implement,api-contract-team,week_2,runtime+openapi
POST,/v1/adapteros/replay,slice_e_residual,true,true,implement,api-contract-team,week_2,runtime+openapi
*,/v1/adapteros/sessions/mint,slice_e_residual,true,false,exclude,api-contract-team,week_2,docs/api/openapi_route_coverage_exclusions.txt
GET,/v1/adapters,slice_a_adapters_repos,true,true,implement,api-contract-team,week_1,runtime+openapi
GET,/v1/adapters/category-policies,slice_a_adapters_repos,true,true,implement,api-contract-team,week_1,runtime+openapi
GET|PUT,/v1/adapters/category-policies/{category},slice_a_adapters_repos,true,true,implement,api-contract-team,week_1,runtime+openapi
POST,/v1/adapters/directory/upsert,slice_a_adapters_repos,true,true,implement,api-contract-team,week_1,runtime+openapi
POST,/v1/adapters/from-dataset/{dataset_id},slice_a_adapters_repos,true,true,implement,api-contract-team,week_1,runtime+openapi
POST,/v1/adapters/import,slice_a_adapters_repos,true,true,implement,api-contract-team,week_1,runtime+openapi
*,/v1/adapters/in-flight,slice_a_adapters_repos,true,false,exclude,api-contract-team,week_1,docs/api/openapi_route_coverage_exclusions.txt
GET,/v1/adapters/next-revision/{tenant}/{domain}/{purpose},slice_a_adapters_repos,true,true,implement,api-contract-team,week_1,runtime+openapi
POST,/v1/adapters/register,slice_a_adapters_repos,true,true,implement,api-contract-team,week_1,runtime+openapi
POST,/v1/adapters/swap,slice_a_adapters_repos,true,true,implement,api-contract-team,week_1,runtime+openapi
POST,/v1/adapters/validate-name,slice_a_adapters_repos,true,true,implement,api-contract-team,week_1,runtime+openapi
GET,/v1/adapters/verify-gpu,slice_a_adapters_repos,true,true,implement,api-contract-team,week_1,runtime+openapi
DELETE|GET,/v1/adapters/{adapter_id},slice_a_adapters_repos,true,true,implement,api-contract-team,week_1,runtime+openapi
POST,/v1/adapters/{adapter_id}/activate,slice_a_adapters_repos,true,true,implement,api-contract-team,week_1,runtime+openapi
GET,/v1/adapters/{adapter_id}/activations,slice_a_adapters_repos,true,true,implement,api-contract-team,week_1,runtime+openapi
DELETE|GET|POST,/v1/adapters/{adapter_id}/archive,slice_a_adapters_repos,true,true,implement,api-contract-team,week_1,runtime+openapi
GET,/v1/adapters/{adapter_id}/detail,slice_a_adapters_repos,true,true,implement,api-contract-team,week_1,runtime+openapi
POST,/v1/adapters/{adapter_id}/duplicate,slice_a_adapters_repos,true,true,implement,api-contract-team,week_1,runtime+openapi
*,/v1/adapters/{adapter_id}/encryption,slice_a_adapters_repos,true,false,exclude,api-contract-team,week_1,docs/api/openapi_route_coverage_exclusions.txt
GET,/v1/adapters/{adapter_id}/evidence,slice_a_adapters_repos,true,true,implement,api-contract-team,week_1,runtime+openapi
GET,/v1/adapters/{adapter_id}/export,slice_a_adapters_repos,true,true,implement,api-contract-team,week_1,runtime+openapi
GET,/v1/adapters/{adapter_id}/health,slice_a_adapters_repos,true,true,implement,api-contract-team,week_1,runtime+openapi
POST,/v1/adapters/{adapter_id}/lifecycle/demote,slice_a_adapters_repos,true,true,implement,api-contract-team,week_1,runtime+openapi
POST,/v1/adapters/{adapter_id}/lifecycle/promote,slice_a_adapters_repos,true,true,implement,api-contract-team,week_1,runtime+openapi
GET,/v1/adapters/{adapter_id}/lineage,slice_a_adapters_repos,true,true,implement,api-contract-team,week_1,runtime+openapi
POST,/v1/adapters/{adapter_id}/load,slice_a_adapters_repos,true,true,implement,api-contract-team,week_1,runtime+openapi
GET,/v1/adapters/{adapter_id}/manifest,slice_a_adapters_repos,true,true,implement,api-contract-team,week_1,runtime+openapi
DELETE|GET|POST,/v1/adapters/{adapter_id}/pin,slice_a_adapters_repos,true,true,implement,api-contract-team,week_1,runtime+openapi
*,/v1/adapters/{adapter_id}/provenance,slice_a_adapters_repos,true,false,exclude,api-contract-team,week_1,docs/api/openapi_route_coverage_exclusions.txt
POST,/v1/adapters/{adapter_id}/state/promote,slice_a_adapters_repos,true,true,implement,api-contract-team,week_1,runtime+openapi
GET,/v1/adapters/{adapter_id}/stats,slice_a_adapters_repos,true,true,implement,api-contract-team,week_1,runtime+openapi
GET,/v1/adapters/{adapter_id}/training-export,slice_a_adapters_repos,true,true,implement,api-contract-team,week_1,runtime+openapi
GET,/v1/adapters/{adapter_id}/training-snapshot,slice_a_adapters_repos,true,true,implement,api-contract-team,week_1,runtime+openapi
POST,/v1/adapters/{adapter_id}/unload,slice_a_adapters_repos,true,true,implement,api-contract-team,week_1,runtime+openapi
GET,/v1/adapters/{adapter_id}/usage,slice_a_adapters_repos,true,true,implement,api-contract-team,week_1,runtime+openapi
GET,/v1/admin/config,slice_e_residual,true,true,implement,api-contract-team,week_2,runtime+openapi
GET,/v1/admin/status,slice_e_residual,true,true,implement,api-contract-team,week_2,runtime+openapi
GET|POST,/v1/admin/users,slice_e_residual,true,true,implement,api-contract-team,week_2,runtime+openapi
DELETE|GET|PUT,/v1/admin/users/{user_id},slice_e_residual,true,true,implement,api-contract-team,week_2,runtime+openapi
GET|POST,/v1/api-keys,slice_d_auth_tenant,true,true,implement,api-contract-team,week_2,runtime+openapi
DELETE,/v1/api-keys/{id},slice_d_auth_tenant,true,true,implement,api-contract-team,week_2,runtime+openapi
GET,/v1/audit/chain,slice_e_residual,true,true,implement,api-contract-team,week_2,runtime+openapi
GET,/v1/audit/chain/verify,slice_e_residual,true,true,implement,api-contract-team,week_2,runtime+openapi
GET,/v1/audit/compliance,slice_e_residual,true,true,implement,api-contract-team,week_2,runtime+openapi
GET,/v1/audit/federation,slice_e_residual,true,true,implement,api-contract-team,week_2,runtime+openapi
GET,/v1/audit/logs,slice_e_residual,true,true,implement,api-contract-team,week_2,runtime+openapi
GET,/v1/audit/policy-decisions,slice_e_residual,true,true,implement,api-contract-team,week_2,runtime+openapi
GET,/v1/audit/policy-decisions/verify-chain,slice_e_residual,true,true,implement,api-contract-team,week_2,runtime+openapi
GET,/v1/audits,slice_e_residual,true,true,implement,api-contract-team,week_2,runtime+openapi
POST,/v1/auth/bootstrap,slice_d_auth_tenant,true,true,implement,api-contract-team,week_2,runtime+openapi
GET,/v1/auth/config,slice_d_auth_tenant,true,true,implement,api-contract-team,week_2,runtime+openapi
POST,/v1/auth/dev-bypass,slice_d_auth_tenant,true,true,implement,api-contract-team,week_2,runtime+openapi
GET,/v1/auth/health,slice_d_auth_tenant,true,true,implement,api-contract-team,week_2,runtime+openapi
POST,/v1/auth/login,slice_d_auth_tenant,true,true,implement,api-contract-team,week_2,runtime+openapi
POST,/v1/auth/logout,slice_d_auth_tenant,true,true,implement,api-contract-team,week_2,runtime+openapi
GET,/v1/auth/me,slice_d_auth_tenant,true,true,implement,api-contract-team,week_2,runtime+openapi
POST,/v1/auth/mfa/disable,slice_d_auth_tenant,true,true,implement,api-contract-team,week_2,runtime+openapi
POST,/v1/auth/mfa/start,slice_d_auth_tenant,true,true,implement,api-contract-team,week_2,runtime+openapi
GET,/v1/auth/mfa/status,slice_d_auth_tenant,true,true,implement,api-contract-team,week_2,runtime+openapi
POST,/v1/auth/mfa/verify,slice_d_auth_tenant,true,true,implement,api-contract-team,week_2,runtime+openapi
POST,/v1/auth/refresh,slice_d_auth_tenant,true,true,implement,api-contract-team,week_2,runtime+openapi
POST,/v1/auth/register,slice_d_auth_tenant,true,true,implement,api-contract-team,week_2,runtime+openapi
GET,/v1/auth/sessions,slice_d_auth_tenant,true,true,implement,api-contract-team,week_2,runtime+openapi
*,/v1/auth/sessions/{jti},slice_d_auth_tenant,true,false,exclude,api-contract-team,week_2,docs/api/openapi_route_coverage_exclusions.txt;shape-param-mismatch
DELETE,/v1/auth/sessions/{session_id},slice_d_auth_tenant,false,true,exclude,api-contract-team,week_2,docs/api/openapi_only_route_allowlist.csv:docs/api/openapi_only_route_allowlist.csv:2;shape-param-mismatch
GET,/v1/auth/tenants,slice_d_auth_tenant,true,true,implement,api-contract-team,week_2,runtime+openapi
POST,/v1/auth/tenants/switch,slice_d_auth_tenant,true,true,implement,api-contract-team,week_2,runtime+openapi
POST,/v1/batches,slice_e_residual,true,true,implement,api-contract-team,week_2,runtime+openapi
GET,/v1/batches/{batch_id},slice_e_residual,true,true,implement,api-contract-team,week_2,runtime+openapi
GET,/v1/batches/{batch_id}/items,slice_e_residual,true,true,implement,api-contract-team,week_2,runtime+openapi
GET|POST,/v1/chat/categories,slice_e_residual,true,true,implement,api-contract-team,week_2,runtime+openapi
DELETE|PUT,/v1/chat/categories/{category_id},slice_e_residual,true,true,implement,api-contract-team,week_2,runtime+openapi
POST,/v1/chat/completions,slice_e_residual,true,true,implement,api-contract-team,week_2,runtime+openapi
GET,/v1/chat/messages/{message_id}/evidence,slice_e_residual,true,true,implement,api-contract-team,week_2,runtime+openapi
GET|POST,/v1/chat/sessions,slice_e_residual,true,true,implement,api-contract-team,week_2,runtime+openapi
GET,/v1/chat/sessions/archived,slice_e_residual,true,true,implement,api-contract-team,week_2,runtime+openapi
GET,/v1/chat/sessions/search,slice_e_residual,true,true,implement,api-contract-team,week_2,runtime+openapi
GET,/v1/chat/sessions/shared-with-me,slice_e_residual,true,true,implement,api-contract-team,week_2,runtime+openapi
GET,/v1/chat/sessions/trash,slice_e_residual,true,true,implement,api-contract-team,week_2,runtime+openapi
DELETE|GET|PUT,/v1/chat/sessions/{session_id},slice_e_residual,true,true,implement,api-contract-team,week_2,runtime+openapi
POST,/v1/chat/sessions/{session_id}/archive,slice_e_residual,true,true,implement,api-contract-team,week_2,runtime+openapi
PUT,/v1/chat/sessions/{session_id}/category,slice_e_residual,true,true,implement,api-contract-team,week_2,runtime+openapi
PUT,/v1/chat/sessions/{session_id}/collection,slice_e_residual,true,true,implement,api-contract-team,week_2,runtime+openapi
POST,/v1/chat/sessions/{session_id}/fork,slice_e_residual,true,true,implement,api-contract-team,week_2,runtime+openapi
GET|POST,/v1/chat/sessions/{session_id}/messages,slice_e_residual,true,true,implement,api-contract-team,week_2,runtime+openapi
DELETE,/v1/chat/sessions/{session_id}/permanent,slice_e_residual,true,true,implement,api-contract-team,week_2,runtime+openapi
GET,/v1/chat/sessions/{session_id}/provenance,slice_e_residual,true,true,implement,api-contract-team,week_2,runtime+openapi
POST,/v1/chat/sessions/{session_id}/restore,slice_e_residual,true,true,implement,api-contract-team,week_2,runtime+openapi
GET|POST,/v1/chat/sessions/{session_id}/shares,slice_e_residual,true,true,implement,api-contract-team,week_2,runtime+openapi
DELETE,/v1/chat/sessions/{session_id}/shares/{share_id},slice_e_residual,true,true,implement,api-contract-team,week_2,runtime+openapi
GET,/v1/chat/sessions/{session_id}/summary,slice_e_residual,true,true,implement,api-contract-team,week_2,runtime+openapi
GET|POST,/v1/chat/sessions/{session_id}/tags,slice_e_residual,true,true,implement,api-contract-team,week_2,runtime+openapi
DELETE,/v1/chat/sessions/{session_id}/tags/{tag_id},slice_e_residual,true,true,implement,api-contract-team,week_2,runtime+openapi
GET|POST,/v1/chat/tags,slice_e_residual,true,true,implement,api-contract-team,week_2,runtime+openapi
DELETE|PUT,/v1/chat/tags/{tag_id},slice_e_residual,true,true,implement,api-contract-team,week_2,runtime+openapi
POST,/v1/chats/from-training-job,slice_e_residual,true,true,implement,api-contract-team,week_2,runtime+openapi
POST,/v1/cli/owner-run,slice_e_residual,true,true,implement,api-contract-team,week_2,runtime+openapi
GET|PUT,/v1/code-policy,slice_e_residual,true,true,implement,api-contract-team,week_2,runtime+openapi
POST,/v1/code/commit-delta,slice_e_residual,true,true,implement,api-contract-team,week_2,runtime+openapi
POST,/v1/code/register-repo,slice_e_residual,true,true,implement,api-contract-team,week_2,runtime+openapi
GET,/v1/code/repositories,slice_e_residual,true,true,implement,api-contract-team,week_2,runtime+openapi
GET,/v1/code/repositories/{repo_id},slice_e_residual,true,true,implement,api-contract-team,week_2,runtime+openapi
POST,/v1/code/scan,slice_e_residual,true,true,implement,api-contract-team,week_2,runtime+openapi
GET,/v1/code/scan/{job_id},slice_e_residual,true,true,implement,api-contract-team,week_2,runtime+openapi
GET|POST,/v1/collections,slice_e_residual,true,true,implement,api-contract-team,week_2,runtime+openapi
DELETE|GET,/v1/collections/{id},slice_e_residual,true,true,implement,api-contract-team,week_2,runtime+openapi
POST,/v1/collections/{id}/documents,slice_e_residual,true,true,implement,api-contract-team,week_2,runtime+openapi
DELETE,/v1/collections/{id}/documents/{doc_id},slice_e_residual,true,true,implement,api-contract-team,week_2,runtime+openapi
GET,/v1/commits,slice_e_residual,true,true,implement,api-contract-team,week_2,runtime+openapi
GET,/v1/commits/{sha},slice_e_residual,true,true,implement,api-contract-team,week_2,runtime+openapi
GET,/v1/commits/{sha}/diff,slice_e_residual,true,true,implement,api-contract-team,week_2,runtime+openapi
POST,/v1/completions,slice_e_residual,true,true,implement,api-contract-team,week_2,runtime+openapi
GET|POST,/v1/contacts,slice_e_residual,true,true,implement,api-contract-team,week_2,runtime+openapi
DELETE|GET|PUT,/v1/contacts/{id},slice_e_residual,true,true,implement,api-contract-team,week_2,runtime+openapi
GET,/v1/contacts/{id}/interactions,slice_e_residual,true,true,implement,api-contract-team,week_2,runtime+openapi
POST,/v1/cp/promote,slice_e_residual,true,true,implement,api-contract-team,week_2,runtime+openapi
POST,/v1/cp/promote/dry-run,slice_e_residual,true,true,implement,api-contract-team,week_2,runtime+openapi
GET,/v1/cp/promotion-gates/{cpid},slice_e_residual,true,true,implement,api-contract-team,week_2,runtime+openapi
GET,/v1/cp/promotions,slice_e_residual,true,true,implement,api-contract-team,week_2,runtime+openapi
POST,/v1/cp/rollback,slice_e_residual,true,true,implement,api-contract-team,week_2,runtime+openapi
GET|PUT,/v1/dashboard/config,slice_e_residual,true,true,implement,api-contract-team,week_2,runtime+openapi
POST,/v1/dashboard/config/reset,slice_e_residual,true,true,implement,api-contract-team,week_2,runtime+openapi
GET|POST,/v1/datasets,slice_e_residual,true,true,implement,api-contract-team,week_2,runtime+openapi
GET,/v1/datasets/by-codebase/{codebase_id}/versions,slice_e_residual,true,true,implement,api-contract-team,week_2,runtime+openapi
POST,/v1/datasets/chunked-upload/cleanup,slice_e_residual,true,true,implement,api-contract-team,week_2,runtime+openapi
POST,/v1/datasets/chunked-upload/initiate,slice_e_residual,true,true,implement,api-contract-team,week_2,runtime+openapi
GET,/v1/datasets/chunked-upload/sessions,slice_e_residual,true,true,implement,api-contract-team,week_2,runtime+openapi
DELETE,/v1/datasets/chunked-upload/{session_id},slice_e_residual,true,true,implement,api-contract-team,week_2,runtime+openapi
POST|PUT,/v1/datasets/chunked-upload/{session_id}/chunk,slice_e_residual,true,true,implement,api-contract-team,week_2,runtime+openapi
POST,/v1/datasets/chunked-upload/{session_id}/complete,slice_e_residual,true,true,implement,api-contract-team,week_2,runtime+openapi
GET,/v1/datasets/chunked-upload/{session_id}/status,slice_e_residual,true,true,implement,api-contract-team,week_2,runtime+openapi
POST,/v1/datasets/from-chat,slice_e_residual,true,true,implement,api-contract-team,week_2,runtime+openapi
POST,/v1/datasets/from-documents,slice_e_residual,true,true,implement,api-contract-team,week_2,runtime+openapi
POST,/v1/datasets/from-text,slice_e_residual,true,true,implement,api-contract-team,week_2,runtime+openapi
POST,/v1/datasets/synthesize,slice_e_residual,true,true,implement,api-contract-team,week_2,runtime+openapi
*,/v1/datasets/upload,slice_e_residual,true,false,exclude,api-contract-team,week_2,docs/api/openapi_route_coverage_exclusions.txt
GET,/v1/datasets/upload/progress,slice_e_residual,true,true,implement,api-contract-team,week_2,runtime+openapi
DELETE|GET|PATCH,/v1/datasets/{dataset_id},slice_e_residual,true,true,implement,api-contract-team,week_2,runtime+openapi
*,/v1/datasets/{dataset_id}/adapters,slice_e_residual,true,false,exclude,api-contract-team,week_2,docs/api/openapi_route_coverage_exclusions.txt
GET,/v1/datasets/{dataset_id}/evidence,slice_e_residual,true,true,implement,api-contract-team,week_2,runtime+openapi
GET,/v1/datasets/{dataset_id}/files,slice_e_residual,true,true,implement,api-contract-team,week_2,runtime+openapi
POST,/v1/datasets/{dataset_id}/preprocess,slice_e_residual,true,true,implement,api-contract-team,week_2,runtime+openapi
GET,/v1/datasets/{dataset_id}/preprocess/status,slice_e_residual,true,true,implement,api-contract-team,week_2,runtime+openapi
GET,/v1/datasets/{dataset_id}/preview,slice_e_residual,true,true,implement,api-contract-team,week_2,runtime+openapi
GET,/v1/datasets/{dataset_id}/statistics,slice_e_residual,true,true,implement,api-contract-team,week_2,runtime+openapi
POST,/v1/datasets/{dataset_id}/trust_override,slice_e_residual,true,true,implement,api-contract-team,week_2,runtime+openapi
POST,/v1/datasets/{dataset_id}/validate,slice_e_residual,true,true,implement,api-contract-team,week_2,runtime+openapi
GET|POST,/v1/datasets/{dataset_id}/versions,slice_e_residual,true,true,implement,api-contract-team,week_2,runtime+openapi
GET,/v1/datasets/{dataset_id}/versions/{revision},slice_e_residual,true,true,implement,api-contract-team,week_2,runtime+openapi
POST,/v1/datasets/{dataset_id}/versions/{version_id}/safety,slice_e_residual,true,true,implement,api-contract-team,week_2,runtime+openapi
POST,/v1/datasets/{dataset_id}/versions/{version_id}/trust-override,slice_e_residual,true,true,implement,api-contract-team,week_2,runtime+openapi
GET,/v1/debug/coreml_verification_status,slice_e_residual,true,true,implement,api-contract-team,week_2,runtime+openapi
POST,/v1/dev/bootstrap,slice_e_residual,true,true,implement,api-contract-team,week_2,runtime+openapi
POST,/v1/diag/bundle,slice_e_residual,true,true,implement,api-contract-team,week_2,runtime+openapi
GET,/v1/diag/bundle/{export_id},slice_e_residual,true,true,implement,api-contract-team,week_2,runtime+openapi
GET,/v1/diag/bundle/{export_id}/download,slice_e_residual,true,true,implement,api-contract-team,week_2,runtime+openapi
GET,/v1/diag/bundle/{export_id}/signature,slice_e_residual,true,true,implement,api-contract-team,week_2,runtime+openapi
POST,/v1/diag/diff,slice_e_residual,true,true,implement,api-contract-team,week_2,runtime+openapi
POST,/v1/diag/export,slice_e_residual,true,true,implement,api-contract-team,week_2,runtime+openapi
GET,/v1/diag/runs,slice_e_residual,true,true,implement,api-contract-team,week_2,runtime+openapi
GET,/v1/diag/runs/{trace_id},slice_e_residual,true,true,implement,api-contract-team,week_2,runtime+openapi
GET,/v1/diag/runs/{trace_id}/events,slice_e_residual,true,true,implement,api-contract-team,week_2,runtime+openapi
GET,/v1/diagnostics/determinism-status,slice_e_residual,true,true,implement,api-contract-team,week_2,runtime+openapi
GET,/v1/diagnostics/quarantine-status,slice_e_residual,true,true,implement,api-contract-team,week_2,runtime+openapi
GET|POST,/v1/discrepancies,slice_e_residual,true,true,implement,api-contract-team,week_2,runtime+openapi
GET,/v1/discrepancies/export,slice_e_residual,true,true,implement,api-contract-team,week_2,runtime+openapi
GET,/v1/discrepancies/{id},slice_e_residual,true,true,implement,api-contract-team,week_2,runtime+openapi
PATCH,/v1/discrepancies/{id}/resolve,slice_e_residual,true,true,implement,api-contract-team,week_2,runtime+openapi
GET,/v1/documents,slice_e_residual,true,true,implement,api-contract-team,week_2,runtime+openapi
GET,/v1/documents/failed,slice_e_residual,true,true,implement,api-contract-team,week_2,runtime+openapi
POST,/v1/documents/upload,slice_e_residual,true,true,implement,api-contract-team,week_2,runtime+openapi
DELETE|GET,/v1/documents/{id},slice_e_residual,true,true,implement,api-contract-team,week_2,runtime+openapi
GET,/v1/documents/{id}/chunks,slice_e_residual,true,true,implement,api-contract-team,week_2,runtime+openapi
GET,/v1/documents/{id}/download,slice_e_residual,true,true,implement,api-contract-team,week_2,runtime+openapi
POST,/v1/documents/{id}/process,slice_e_residual,true,true,implement,api-contract-team,week_2,runtime+openapi
POST,/v1/documents/{id}/retry,slice_e_residual,true,true,implement,api-contract-team,week_2,runtime+openapi
GET|POST,/v1/domain-adapters,slice_e_residual,true,true,implement,api-contract-team,week_2,runtime+openapi
DELETE|GET,/v1/domain-adapters/{adapter_id},slice_e_residual,true,true,implement,api-contract-team,week_2,runtime+openapi
POST,/v1/domain-adapters/{adapter_id}/execute,slice_e_residual,true,true,implement,api-contract-team,week_2,runtime+openapi
POST,/v1/domain-adapters/{adapter_id}/load,slice_e_residual,true,true,implement,api-contract-team,week_2,runtime+openapi
GET,/v1/domain-adapters/{adapter_id}/manifest,slice_e_residual,true,true,implement,api-contract-team,week_2,runtime+openapi
POST,/v1/domain-adapters/{adapter_id}/test,slice_e_residual,true,true,implement,api-contract-team,week_2,runtime+openapi
POST,/v1/domain-adapters/{adapter_id}/unload,slice_e_residual,true,true,implement,api-contract-team,week_2,runtime+openapi
POST,/v1/embeddings,slice_e_residual,true,true,implement,api-contract-team,week_2,runtime+openapi
GET,/v1/embeddings/benchmarks,slice_e_residual,true,true,implement,api-contract-team,week_2,runtime+openapi
GET,/v1/error-alerts/history,slice_e_residual,true,true,implement,api-contract-team,week_2,runtime+openapi
GET|POST,/v1/error-alerts/rules,slice_e_residual,true,true,implement,api-contract-team,week_2,runtime+openapi
DELETE|GET|PUT,/v1/error-alerts/rules/{id},slice_e_residual,true,true,implement,api-contract-team,week_2,runtime+openapi
POST,/v1/error-alerts/{id}/acknowledge,slice_e_residual,true,true,implement,api-contract-team,week_2,runtime+openapi
POST,/v1/error-alerts/{id}/resolve,slice_e_residual,true,true,implement,api-contract-team,week_2,runtime+openapi
GET,/v1/error-buckets,slice_e_residual,true,true,implement,api-contract-team,week_2,runtime+openapi
GET,/v1/errors,slice_e_residual,true,true,implement,api-contract-team,week_2,runtime+openapi
GET,/v1/errors/{error_id},slice_e_residual,true,true,implement,api-contract-team,week_2,runtime+openapi
GET|POST,/v1/evidence,slice_e_residual,true,true,implement,api-contract-team,week_2,runtime+openapi
GET,/v1/evidence/runs/{run_id}/export,slice_e_residual,true,true,implement,api-contract-team,week_2,runtime+openapi
DELETE|GET,/v1/evidence/{id},slice_e_residual,true,true,implement,api-contract-team,week_2,runtime+openapi
GET,/v1/federation/quarantine,slice_e_residual,true,true,implement,api-contract-team,week_2,runtime+openapi
POST,/v1/federation/release-quarantine,slice_e_residual,true,true,implement,api-contract-team,week_2,runtime+openapi
GET,/v1/federation/status,slice_e_residual,true,true,implement,api-contract-team,week_2,runtime+openapi
GET,/v1/federation/sync-status,slice_e_residual,true,true,implement,api-contract-team,week_2,runtime+openapi
GET,/v1/filesystem/browse,slice_e_residual,true,true,implement,api-contract-team,week_2,runtime+openapi
GET|PUT,/v1/filesystem/content,slice_e_residual,true,true,implement,api-contract-team,week_2,runtime+openapi
POST,/v1/fim/completions,slice_e_residual,true,true,implement,api-contract-team,week_2,runtime+openapi
GET,/v1/git/branches,slice_e_residual,true,true,implement,api-contract-team,week_2,runtime+openapi
POST,/v1/git/checkout,slice_e_residual,true,true,implement,api-contract-team,week_2,runtime+openapi
POST,/v1/git/commit,slice_e_residual,true,true,implement,api-contract-team,week_2,runtime+openapi
GET,/v1/git/log,slice_e_residual,true,true,implement,api-contract-team,week_2,runtime+openapi
POST,/v1/git/repositories,slice_e_residual,true,true,implement,api-contract-team,week_2,runtime+openapi
GET,/v1/git/repositories/{repo_id}/analysis,slice_e_residual,true,true,implement,api-contract-team,week_2,runtime+openapi
POST,/v1/git/repositories/{repo_id}/train,slice_e_residual,true,true,implement,api-contract-team,week_2,runtime+openapi
POST,/v1/git/sessions/start,slice_e_residual,true,true,implement,api-contract-team,week_2,runtime+openapi
POST,/v1/git/sessions/{session_id}/end,slice_e_residual,true,true,implement,api-contract-team,week_2,runtime+openapi
POST,/v1/git/stage,slice_e_residual,true,true,implement,api-contract-team,week_2,runtime+openapi
GET,/v1/git/status,slice_e_residual,true,true,implement,api-contract-team,week_2,runtime+openapi
POST,/v1/git/unstage,slice_e_residual,true,true,implement,api-contract-team,week_2,runtime+openapi
GET,/v1/git/working-diff,slice_e_residual,true,true,implement,api-contract-team,week_2,runtime+openapi
GET,/v1/git/working-status,slice_e_residual,true,true,implement,api-contract-team,week_2,runtime+openapi
POST,/v1/git/working-tree/discard,slice_e_residual,true,true,implement,api-contract-team,week_2,runtime+openapi
POST,/v1/git/working-tree/stage,slice_e_residual,true,true,implement,api-contract-team,week_2,runtime+openapi
POST,/v1/git/working-tree/unstage,slice_e_residual,true,true,implement,api-contract-team,week_2,runtime+openapi
POST,/v1/golden/compare,slice_e_residual,true,true,implement,api-contract-team,week_2,runtime+openapi
GET,/v1/golden/runs,slice_e_residual,true,true,implement,api-contract-team,week_2,runtime+openapi
GET,/v1/golden/runs/{name},slice_e_residual,true,true,implement,api-contract-team,week_2,runtime+openapi
POST,/v1/golden/{run_id}/approve,slice_e_residual,true,true,implement,api-contract-team,week_2,runtime+openapi
POST,/v1/golden/{run_id}/ci-attestation,slice_e_residual,true,true,implement,api-contract-team,week_2,runtime+openapi
GET,/v1/golden/{run_id}/gates,slice_e_residual,true,true,implement,api-contract-team,week_2,runtime+openapi
POST,/v1/golden/{run_id}/promote,slice_e_residual,true,true,implement,api-contract-team,week_2,runtime+openapi
GET,/v1/golden/{run_id}/promotion,slice_e_residual,true,true,implement,api-contract-team,week_2,runtime+openapi
POST,/v1/golden/{stage}/rollback,slice_e_residual,true,true,implement,api-contract-team,week_2,runtime+openapi
POST,/v1/infer,slice_e_residual,true,true,implement,api-contract-team,week_2,runtime+openapi
POST,/v1/infer/batch,slice_e_residual,true,true,implement,api-contract-team,week_2,runtime+openapi
GET,/v1/infer/paused,slice_e_residual,true,true,implement,api-contract-team,week_2,runtime+openapi
POST,/v1/infer/stream,slice_e_residual,true,true,implement,api-contract-team,week_2,runtime+openapi
POST,/v1/infer/stream/progress,slice_e_residual,true,true,implement,api-contract-team,week_2,runtime+openapi
POST,/v1/infer/{inference_id}/review,slice_e_residual,true,true,implement,api-contract-team,week_2,runtime+openapi
GET,/v1/infer/{inference_id}/state,slice_e_residual,true,true,implement,api-contract-team,week_2,runtime+openapi
GET,/v1/inference/{trace_id}/provenance,slice_e_residual,true,true,implement,api-contract-team,week_2,runtime+openapi
GET,/v1/invariants,slice_e_residual,true,true,implement,api-contract-team,week_2,runtime+openapi
GET,/v1/jobs,slice_c_training_jobs_checkpoints,true,true,implement,api-contract-team,week_2,runtime+openapi
*,/v1/jobs/{job_id},slice_c_training_jobs_checkpoints,true,false,exclude,api-contract-team,week_2,docs/api/openapi_route_coverage_exclusions.txt
GET,/v1/logs/query,slice_e_residual,true,true,implement,api-contract-team,week_2,runtime+openapi
GET,/v1/logs/stream,slice_e_residual,true,true,implement,api-contract-team,week_2,runtime+openapi
GET,/v1/memory/adapters,slice_e_residual,true,true,implement,api-contract-team,week_2,runtime+openapi
GET,/v1/memory/uma-breakdown,slice_e_residual,true,true,implement,api-contract-team,week_2,runtime+openapi
GET,/v1/memory/usage,slice_e_residual,true,true,implement,api-contract-team,week_2,runtime+openapi
GET,/v1/meta,slice_e_residual,true,true,implement,api-contract-team,week_2,runtime+openapi
*,/v1/metrics,slice_e_residual,true,false,exclude,api-contract-team,week_2,docs/api/openapi_route_coverage_exclusions.txt
GET,/v1/metrics/adapters,slice_e_residual,true,true,implement,api-contract-team,week_2,runtime+openapi
POST,/v1/metrics/code,slice_e_residual,true,true,implement,api-contract-team,week_2,runtime+openapi
POST,/v1/metrics/compare,slice_e_residual,true,true,implement,api-contract-team,week_2,runtime+openapi
*,/v1/metrics/current,slice_e_residual,true,false,exclude,api-contract-team,week_2,docs/api/openapi_route_coverage_exclusions.txt
GET,/v1/metrics/inference,slice_e_residual,true,true,implement,api-contract-team,week_2,runtime+openapi
GET,/v1/metrics/quality,slice_e_residual,true,true,implement,api-contract-team,week_2,runtime+openapi
GET,/v1/metrics/series,slice_e_residual,true,true,implement,api-contract-team,week_2,runtime+openapi
GET,/v1/metrics/snapshot,slice_e_residual,true,true,implement,api-contract-team,week_2,runtime+openapi
GET,/v1/metrics/system,slice_e_residual,true,true,implement,api-contract-team,week_2,runtime+openapi
GET,/v1/metrics/time-series,slice_e_residual,true,true,implement,api-contract-team,week_2,runtime+openapi
POST,/v1/model-server/drain,slice_e_residual,true,true,implement,api-contract-team,week_2,runtime+openapi
GET,/v1/model-server/status,slice_e_residual,true,true,implement,api-contract-team,week_2,runtime+openapi
POST,/v1/model-server/warmup,slice_e_residual,true,true,implement,api-contract-team,week_2,runtime+openapi
GET,/v1/models,slice_e_residual,true,true,implement,api-contract-team,week_2,runtime+openapi
GET,/v1/models/download-progress,slice_e_residual,true,true,implement,api-contract-team,week_2,runtime+openapi
POST,/v1/models/import,slice_e_residual,true,true,implement,api-contract-team,week_2,runtime+openapi
GET,/v1/models/status,slice_e_residual,true,true,implement,api-contract-team,week_2,runtime+openapi
GET,/v1/models/status/all,slice_e_residual,true,true,implement,api-contract-team,week_2,runtime+openapi
DELETE|PATCH,/v1/models/{model_id},slice_e_residual,true,true,implement,api-contract-team,week_2,runtime+openapi
POST,/v1/models/{model_id}/load,slice_e_residual,true,true,implement,api-contract-team,week_2,runtime+openapi
GET,/v1/models/{model_id}/status,slice_e_residual,true,true,implement,api-contract-team,week_2,runtime+openapi
POST,/v1/models/{model_id}/unload,slice_e_residual,true,true,implement,api-contract-team,week_2,runtime+openapi
GET,/v1/models/{model_id}/validate,slice_e_residual,true,true,implement,api-contract-team,week_2,runtime+openapi
GET,/v1/monitoring/alerts,slice_e_residual,true,true,implement,api-contract-team,week_2,runtime+openapi
POST,/v1/monitoring/alerts/{alert_id}/acknowledge,slice_e_residual,true,true,implement,api-contract-team,week_2,runtime+openapi
POST,/v1/monitoring/alerts/{alert_id}/resolve,slice_e_residual,true,true,implement,api-contract-team,week_2,runtime+openapi
GET,/v1/monitoring/anomalies,slice_e_residual,true,true,implement,api-contract-team,week_2,runtime+openapi
POST,/v1/monitoring/anomalies/{anomaly_id}/status,slice_e_residual,true,true,implement,api-contract-team,week_2,runtime+openapi
GET|POST,/v1/monitoring/dashboards,slice_e_residual,true,true,implement,api-contract-team,week_2,runtime+openapi
GET,/v1/monitoring/health-metrics,slice_e_residual,true,true,implement,api-contract-team,week_2,runtime+openapi
GET|POST,/v1/monitoring/reports,slice_e_residual,true,true,implement,api-contract-team,week_2,runtime+openapi
GET|POST,/v1/monitoring/rules,slice_e_residual,true,true,implement,api-contract-team,week_2,runtime+openapi
DELETE|PUT,/v1/monitoring/rules/{rule_id},slice_e_residual,true,true,implement,api-contract-team,week_2,runtime+openapi
GET,/v1/nodes,slice_e_residual,true,true,implement,api-contract-team,week_2,runtime+openapi
POST,/v1/nodes/register,slice_e_residual,true,true,implement,api-contract-team,week_2,runtime+openapi
DELETE,/v1/nodes/{node_id},slice_e_residual,true,true,implement,api-contract-team,week_2,runtime+openapi
GET,/v1/nodes/{node_id}/details,slice_e_residual,true,true,implement,api-contract-team,week_2,runtime+openapi
POST,/v1/nodes/{node_id}/offline,slice_e_residual,true,true,implement,api-contract-team,week_2,runtime+openapi
POST,/v1/nodes/{node_id}/ping,slice_e_residual,true,true,implement,api-contract-team,week_2,runtime+openapi
GET,/v1/notifications,slice_e_residual,true,true,implement,api-contract-team,week_2,runtime+openapi
POST,/v1/notifications/read-all,slice_e_residual,true,true,implement,api-contract-team,week_2,runtime+openapi
GET,/v1/notifications/summary,slice_e_residual,true,true,implement,api-contract-team,week_2,runtime+openapi
POST,/v1/notifications/{notification_id}/read,slice_e_residual,true,true,implement,api-contract-team,week_2,runtime+openapi
POST,/v1/orchestration/analyze,slice_e_residual,true,true,implement,api-contract-team,week_2,runtime+openapi
GET|PUT,/v1/orchestration/config,slice_e_residual,true,true,implement,api-contract-team,week_2,runtime+openapi
GET,/v1/orchestration/metrics,slice_e_residual,true,true,implement,api-contract-team,week_2,runtime+openapi
GET,/v1/orchestration/sessions,slice_e_residual,true,true,implement,api-contract-team,week_2,runtime+openapi
POST,/v1/patch/propose,slice_e_residual,true,true,implement,api-contract-team,week_2,runtime+openapi
GET,/v1/plans,slice_e_residual,true,true,implement,api-contract-team,week_2,runtime+openapi
POST,/v1/plans/build,slice_e_residual,true,true,implement,api-contract-team,week_2,runtime+openapi
POST,/v1/plans/compare,slice_e_residual,true,true,implement,api-contract-team,week_2,runtime+openapi
GET,/v1/plans/{plan_id}/details,slice_e_residual,true,true,implement,api-contract-team,week_2,runtime+openapi
GET,/v1/plans/{plan_id}/manifest,slice_e_residual,true,true,implement,api-contract-team,week_2,runtime+openapi
POST,/v1/plans/{plan_id}/rebuild,slice_e_residual,true,true,implement,api-contract-team,week_2,runtime+openapi
GET,/v1/plugins,slice_e_residual,true,true,implement,api-contract-team,week_2,runtime+openapi
GET,/v1/plugins/{name},slice_e_residual,true,true,implement,api-contract-team,week_2,runtime+openapi
POST,/v1/plugins/{name}/disable,slice_e_residual,true,true,implement,api-contract-team,week_2,runtime+openapi
POST,/v1/plugins/{name}/enable,slice_e_residual,true,true,implement,api-contract-team,week_2,runtime+openapi
GET,/v1/policies,slice_e_residual,true,true,implement,api-contract-team,week_2,runtime+openapi
POST,/v1/policies/apply,slice_e_residual,true,true,implement,api-contract-team,week_2,runtime+openapi
POST,/v1/policies/assign,slice_e_residual,true,true,implement,api-contract-team,week_2,runtime+openapi
GET,/v1/policies/assignments,slice_e_residual,true,true,implement,api-contract-team,week_2,runtime+openapi
POST,/v1/policies/compare,slice_e_residual,true,true,implement,api-contract-team,week_2,runtime+openapi
POST,/v1/policies/validate,slice_e_residual,true,true,implement,api-contract-team,week_2,runtime+openapi
GET,/v1/policies/violations,slice_e_residual,true,true,implement,api-contract-team,week_2,runtime+openapi
GET,/v1/policies/{cpid},slice_e_residual,true,true,implement,api-contract-team,week_2,runtime+openapi
GET,/v1/policies/{cpid}/export,slice_e_residual,true,true,implement,api-contract-team,week_2,runtime+openapi
POST,/v1/policies/{cpid}/sign,slice_e_residual,true,true,implement,api-contract-team,week_2,runtime+openapi
GET,/v1/policies/{cpid}/verify,slice_e_residual,true,true,implement,api-contract-team,week_2,runtime+openapi
POST,/v1/policy/quarantine/clear,slice_e_residual,true,true,implement,api-contract-team,week_2,runtime+openapi
POST,/v1/policy/quarantine/rollback,slice_e_residual,true,true,implement,api-contract-team,week_2,runtime+openapi
GET,/v1/policy/quarantine/status,slice_e_residual,true,true,implement,api-contract-team,week_2,runtime+openapi
*,/v1/prefix-templates,slice_e_residual,true,false,exclude,api-contract-team,week_2,docs/api/openapi_route_coverage_exclusions.txt
*,/v1/prefix-templates/{template_id},slice_e_residual,true,false,exclude,api-contract-team,week_2,docs/api/openapi_route_coverage_exclusions.txt
GET,/v1/promotions/{id},slice_e_residual,true,true,implement,api-contract-team,week_2,runtime+openapi
*,/v1/provenance/{certificate_id},slice_b_stacks_provenance_security,true,false,exclude,api-contract-team,week_1,docs/api/openapi_route_coverage_exclusions.txt
GET,/v1/provenance/{certificate_id}/verify,slice_b_stacks_provenance_security,true,true,implement,api-contract-team,week_1,runtime+openapi
GET,/v1/registry/status,slice_e_residual,true,true,implement,api-contract-team,week_2,runtime+openapi
POST,/v1/replay,slice_e_residual,true,true,implement,api-contract-team,week_2,runtime+openapi
GET,/v1/replay/check/{inference_id},slice_e_residual,true,true,implement,api-contract-team,week_2,runtime+openapi
GET,/v1/replay/history/{inference_id},slice_e_residual,true,true,implement,api-contract-team,week_2,runtime+openapi
GET|POST,/v1/replay/sessions,slice_e_residual,true,true,implement,api-contract-team,week_2,runtime+openapi
GET,/v1/replay/sessions/{id},slice_e_residual,true,true,implement,api-contract-team,week_2,runtime+openapi
POST,/v1/replay/sessions/{id}/execute,slice_e_residual,true,true,implement,api-contract-team,week_2,runtime+openapi
POST,/v1/replay/sessions/{id}/verify,slice_e_residual,true,true,implement,api-contract-team,week_2,runtime+openapi
POST,/v1/replay/verify/bundle,slice_e_residual,true,true,implement,api-contract-team,week_2,runtime+openapi
POST,/v1/replay/verify/trace,slice_e_residual,true,true,implement,api-contract-team,week_2,runtime+openapi
GET|POST,/v1/repos,slice_a_adapters_repos,true,true,implement,api-contract-team,week_1,runtime+openapi
GET|PATCH,/v1/repos/{repo_id},slice_a_adapters_repos,true,true,implement,api-contract-team,week_1,runtime+openapi
POST,/v1/repos/{repo_id}/branches/{branch}/rollback,slice_a_adapters_repos,false,true,exclude,api-contract-team,week_1,docs/api/openapi_only_route_allowlist.csv:docs/api/openapi_only_route_allowlist.csv:3
*,/v1/repos/{repo_id}/rollback/{branch},slice_a_adapters_repos,true,false,exclude,api-contract-team,week_1,docs/api/openapi_route_coverage_exclusions.txt
GET,/v1/repos/{repo_id}/timeline,slice_a_adapters_repos,true,true,implement,api-contract-team,week_1,runtime+openapi
GET,/v1/repos/{repo_id}/training-jobs,slice_a_adapters_repos,true,true,implement,api-contract-team,week_1,runtime+openapi
GET,/v1/repos/{repo_id}/versions,slice_a_adapters_repos,true,true,implement,api-contract-team,week_1,runtime+openapi
GET,/v1/repos/{repo_id}/versions/{version_id},slice_a_adapters_repos,true,true,implement,api-contract-team,week_1,runtime+openapi
POST,/v1/repos/{repo_id}/versions/{version_id}/promote,slice_a_adapters_repos,true,true,implement,api-contract-team,week_1,runtime+openapi
POST,/v1/repos/{repo_id}/versions/{version_id}/tag,slice_a_adapters_repos,true,true,implement,api-contract-team,week_1,runtime+openapi
POST,/v1/repos/{repo_id}/versions/{version_id}/train,slice_a_adapters_repos,true,true,implement,api-contract-team,week_1,runtime+openapi
GET,/v1/repositories,slice_a_adapters_repos,true,true,implement,api-contract-team,week_1,runtime+openapi
GET,/v1/reviews/paused,slice_e_residual,true,true,implement,api-contract-team,week_2,runtime+openapi
POST,/v1/reviews/submit,slice_e_residual,true,true,implement,api-contract-team,week_2,runtime+openapi
GET,/v1/reviews/{pause_id},slice_e_residual,true,true,implement,api-contract-team,week_2,runtime+openapi
GET,/v1/reviews/{pause_id}/context,slice_e_residual,true,true,implement,api-contract-team,week_2,runtime+openapi
POST,/v1/routing-rules,slice_e_residual,true,true,implement,api-contract-team,week_2,runtime+openapi
GET,/v1/routing-rules/identity/{identity_dataset_id},slice_e_residual,true,true,implement,api-contract-team,week_2,runtime+openapi
DELETE|GET|PUT,/v1/routing-rules/{rule_id},slice_e_residual,true,true,implement,api-contract-team,week_2,runtime+openapi
GET,/v1/routing/chain,slice_e_residual,true,true,implement,api-contract-team,week_2,runtime+openapi
POST,/v1/routing/debug,slice_e_residual,true,true,implement,api-contract-team,week_2,runtime+openapi
GET,/v1/routing/decisions,slice_e_residual,true,true,implement,api-contract-team,week_2,runtime+openapi
GET,/v1/routing/decisions/{id},slice_e_residual,true,true,implement,api-contract-team,week_2,runtime+openapi
GET,/v1/routing/history,slice_e_residual,true,true,implement,api-contract-team,week_2,runtime+openapi
GET,/v1/routing/sessions/{request_id},slice_e_residual,true,true,implement,api-contract-team,week_2,runtime+openapi
GET,/v1/runs/{run_id}/evidence,slice_e_residual,true,true,implement,api-contract-team,week_2,runtime+openapi
GET,/v1/runtime/session,slice_e_residual,true,true,implement,api-contract-team,week_2,runtime+openapi
GET,/v1/runtime/sessions,slice_e_residual,true,true,implement,api-contract-team,week_2,runtime+openapi
GET,/v1/search,slice_e_residual,true,true,implement,api-contract-team,week_2,runtime+openapi
*,/v1/security/key-rotations,slice_b_stacks_provenance_security,true,false,exclude,api-contract-team,week_1,docs/api/openapi_route_coverage_exclusions.txt
POST,/v1/services/essential/start,slice_e_residual,true,true,implement,api-contract-team,week_2,runtime+openapi
POST,/v1/services/essential/stop,slice_e_residual,true,true,implement,api-contract-team,week_2,runtime+openapi
POST,/v1/services/{service_id}/restart,slice_e_residual,true,true,implement,api-contract-team,week_2,runtime+openapi
POST,/v1/services/{service_id}/start,slice_e_residual,true,true,implement,api-contract-team,week_2,runtime+openapi
POST,/v1/services/{service_id}/stop,slice_e_residual,true,true,implement,api-contract-team,week_2,runtime+openapi
GET|PUT,/v1/settings,slice_e_residual,true,true,implement,api-contract-team,week_2,runtime+openapi
GET,/v1/settings/effective,slice_e_residual,true,true,implement,api-contract-team,week_2,runtime+openapi
POST,/v1/settings/reconcile,slice_e_residual,true,true,implement,api-contract-team,week_2,runtime+openapi
POST,/v1/setup/migrate,slice_e_residual,true,true,implement,api-contract-team,week_2,runtime+openapi
GET,/v1/setup/models/discover,slice_e_residual,true,true,implement,api-contract-team,week_2,runtime+openapi
POST,/v1/setup/models/seed,slice_e_residual,true,true,implement,api-contract-team,week_2,runtime+openapi
POST,/v1/stacks/validate-name,slice_b_stacks_provenance_security,true,true,implement,api-contract-team,week_1,runtime+openapi
GET,/v1/status,slice_e_residual,true,true,implement,api-contract-team,week_2,runtime+openapi
GET,/v1/storage/kv-isolation/health,slice_e_residual,true,true,implement,api-contract-team,week_2,runtime+openapi
POST,/v1/storage/kv-isolation/scan,slice_e_residual,true,true,implement,api-contract-team,week_2,runtime+openapi
GET,/v1/storage/mode,slice_e_residual,true,true,implement,api-contract-team,week_2,runtime+openapi
GET,/v1/storage/stats,slice_e_residual,true,true,implement,api-contract-team,week_2,runtime+openapi
GET,/v1/storage/tenant-usage,slice_e_residual,true,true,implement,api-contract-team,week_2,runtime+openapi
GET,/v1/stream/activity/{workspace_id},slice_e_residual,true,true,implement,api-contract-team,week_2,runtime+openapi
GET,/v1/stream/adapters,slice_e_residual,true,true,implement,api-contract-team,week_2,runtime+openapi
*,/v1/stream/alerts,slice_e_residual,true,false,exclude,api-contract-team,week_2,docs/api/openapi_route_coverage_exclusions.txt
*,/v1/stream/anomalies,slice_e_residual,true,false,exclude,api-contract-team,week_2,docs/api/openapi_route_coverage_exclusions.txt
GET,/v1/stream/boot-progress,slice_e_residual,true,true,implement,api-contract-team,week_2,runtime+openapi
GET,/v1/stream/client-errors,slice_e_residual,true,true,implement,api-contract-team,week_2,runtime+openapi
GET,/v1/stream/contacts,slice_e_residual,true,true,implement,api-contract-team,week_2,runtime+openapi
*,/v1/stream/dashboard,slice_e_residual,true,false,exclude,api-contract-team,week_2,docs/api/openapi_route_coverage_exclusions.txt
*,/v1/stream/dashboard/{dashboard_id},slice_e_residual,true,false,exclude,api-contract-team,week_2,docs/api/openapi_route_coverage_exclusions.txt
GET,/v1/stream/discovery,slice_e_residual,true,true,implement,api-contract-team,week_2,runtime+openapi
GET,/v1/stream/file-changes,slice_e_residual,true,true,implement,api-contract-team,week_2,runtime+openapi
GET,/v1/stream/messages/{workspace_id},slice_e_residual,true,true,implement,api-contract-team,week_2,runtime+openapi
GET,/v1/stream/metrics,slice_e_residual,true,true,implement,api-contract-team,week_2,runtime+openapi
GET,/v1/stream/notifications,slice_e_residual,true,true,implement,api-contract-team,week_2,runtime+openapi
GET,/v1/stream/reviews,slice_e_residual,true,true,implement,api-contract-team,week_2,runtime+openapi
GET,/v1/stream/stack-policies/{id},slice_e_residual,true,true,implement,api-contract-team,week_2,runtime+openapi
GET,/v1/stream/telemetry,slice_e_residual,true,true,implement,api-contract-team,week_2,runtime+openapi
GET,/v1/stream/trace-receipts,slice_e_residual,true,true,implement,api-contract-team,week_2,runtime+openapi
GET,/v1/stream/training,slice_e_residual,true,true,implement,api-contract-team,week_2,runtime+openapi
GET,/v1/stream/workers,slice_e_residual,true,true,implement,api-contract-team,week_2,runtime+openapi
*,/v1/streams/contacts,slice_e_residual,true,false,exclude,api-contract-team,week_2,docs/api/openapi_route_coverage_exclusions.txt
*,/v1/streams/discovery,slice_e_residual,true,false,exclude,api-contract-team,week_2,docs/api/openapi_route_coverage_exclusions.txt
*,/v1/streams/file-changes,slice_e_residual,true,false,exclude,api-contract-team,week_2,docs/api/openapi_route_coverage_exclusions.txt
*,/v1/streams/training,slice_e_residual,true,false,exclude,api-contract-team,week_2,docs/api/openapi_route_coverage_exclusions.txt
GET,/v1/system/boot-attestation,slice_e_residual,true,true,implement,api-contract-team,week_2,runtime+openapi
GET,/v1/system/integrity,slice_e_residual,true,true,implement,api-contract-team,week_2,runtime+openapi
GET,/v1/system/memory,slice_e_residual,true,true,implement,api-contract-team,week_2,runtime+openapi
GET,/v1/system/memory/gpu,slice_e_residual,true,true,implement,api-contract-team,week_2,runtime+openapi
GET,/v1/system/overview,slice_e_residual,true,true,implement,api-contract-team,week_2,runtime+openapi
GET,/v1/system/pilot-status,slice_e_residual,true,true,implement,api-contract-team,week_2,runtime+openapi
GET,/v1/system/probe-health,slice_e_residual,true,true,implement,api-contract-team,week_2,runtime+openapi
GET,/v1/system/resource-usage,slice_e_residual,true,true,implement,api-contract-team,week_2,runtime+openapi
GET,/v1/system/state,slice_e_residual,true,true,implement,api-contract-team,week_2,runtime+openapi
GET,/v1/system/status,slice_e_residual,true,true,implement,api-contract-team,week_2,runtime+openapi
POST,/v1/system/verify-boot-attestation,slice_e_residual,true,true,implement,api-contract-team,week_2,runtime+openapi
GET,/v1/telemetry/bundles,slice_e_residual,true,true,implement,api-contract-team,week_2,runtime+openapi
POST,/v1/telemetry/bundles/purge,slice_e_residual,true,true,implement,api-contract-team,week_2,runtime+openapi
GET,/v1/telemetry/bundles/{bundle_id}/export,slice_e_residual,true,true,implement,api-contract-team,week_2,runtime+openapi
POST,/v1/telemetry/bundles/{bundle_id}/verify,slice_e_residual,true,true,implement,api-contract-team,week_2,runtime+openapi
GET|POST,/v1/telemetry/client-errors,slice_e_residual,true,true,implement,api-contract-team,week_2,runtime+openapi
POST,/v1/telemetry/client-errors/anonymous,slice_e_residual,true,true,implement,api-contract-team,week_2,runtime+openapi
GET,/v1/telemetry/client-errors/stats,slice_e_residual,true,true,implement,api-contract-team,week_2,runtime+openapi
GET,/v1/telemetry/client-errors/{id},slice_e_residual,true,true,implement,api-contract-team,week_2,runtime+openapi
GET,/v1/telemetry/events/recent,slice_e_residual,true,true,implement,api-contract-team,week_2,runtime+openapi
GET,/v1/telemetry/events/recent/stream,slice_e_residual,true,true,implement,api-contract-team,week_2,runtime+openapi
POST,/v1/telemetry/routing,slice_e_residual,true,true,implement,api-contract-team,week_2,runtime+openapi
GET|POST,/v1/tenants,slice_d_auth_tenant,true,true,implement,api-contract-team,week_2,runtime+openapi
PUT,/v1/tenants/{tenant_id},slice_d_auth_tenant,true,true,implement,api-contract-team,week_2,runtime+openapi
POST,/v1/tenants/{tenant_id}/adapters,slice_d_auth_tenant,true,true,implement,api-contract-team,week_2,runtime+openapi
POST,/v1/tenants/{tenant_id}/archive,slice_d_auth_tenant,true,true,implement,api-contract-team,week_2,runtime+openapi
DELETE|GET|PUT,/v1/tenants/{tenant_id}/default-stack,slice_d_auth_tenant,true,true,implement,api-contract-team,week_2,runtime+openapi
*,/v1/tenants/{tenant_id}/encryption/keys,slice_d_auth_tenant,true,false,exclude,api-contract-team,week_2,docs/api/openapi_route_coverage_exclusions.txt
*,/v1/tenants/{tenant_id}/encryption/keys/{key_id},slice_d_auth_tenant,true,false,exclude,api-contract-team,week_2,docs/api/openapi_route_coverage_exclusions.txt
*,/v1/tenants/{tenant_id}/encryption/status,slice_d_auth_tenant,true,false,exclude,api-contract-team,week_2,docs/api/openapi_route_coverage_exclusions.txt
POST,/v1/tenants/{tenant_id}/events,slice_d_auth_tenant,true,true,implement,api-contract-team,week_2,runtime+openapi
GET|POST,/v1/tenants/{tenant_id}/execution-policy,slice_d_auth_tenant,true,true,implement,api-contract-team,week_2,runtime+openapi
GET,/v1/tenants/{tenant_id}/execution-policy/history,slice_d_auth_tenant,true,true,implement,api-contract-team,week_2,runtime+openapi
DELETE|PUT,/v1/tenants/{tenant_id}/execution-policy/{policy_id},slice_d_auth_tenant,true,true,implement,api-contract-team,week_2,runtime+openapi
GET,/v1/tenants/{tenant_id}/manifests/{manifest_hash},slice_d_auth_tenant,true,true,implement,api-contract-team,week_2,runtime+openapi
GET,/v1/tenants/{tenant_id}/metrics,slice_d_auth_tenant,true,true,implement,api-contract-team,week_2,runtime+openapi
POST,/v1/tenants/{tenant_id}/pause,slice_d_auth_tenant,true,true,implement,api-contract-team,week_2,runtime+openapi
POST,/v1/tenants/{tenant_id}/policies,slice_d_auth_tenant,true,true,implement,api-contract-team,week_2,runtime+openapi
GET,/v1/tenants/{tenant_id}/policy-bindings,slice_d_auth_tenant,true,true,implement,api-contract-team,week_2,runtime+openapi
POST,/v1/tenants/{tenant_id}/policy-bindings/{policy_pack_id}/toggle,slice_d_auth_tenant,true,true,implement,api-contract-team,week_2,runtime+openapi
POST,/v1/tenants/{tenant_id}/revoke-all-tokens,slice_d_auth_tenant,true,true,implement,api-contract-team,week_2,runtime+openapi
GET,/v1/tenants/{tenant_id}/router/config,slice_d_auth_tenant,true,true,implement,api-contract-team,week_2,runtime+openapi
GET|PUT,/v1/tenants/{tenant_id}/router/weights,slice_d_auth_tenant,true,true,implement,api-contract-team,week_2,runtime+openapi
POST,/v1/tenants/{tenant_id}/router/weights/reset,slice_d_auth_tenant,true,true,implement,api-contract-team,week_2,runtime+openapi
*,/v1/tenants/{tenant_id}/settings,slice_d_auth_tenant,true,false,exclude,api-contract-team,week_2,docs/api/openapi_route_coverage_exclusions.txt
GET,/v1/tenants/{tenant_id}/usage,slice_d_auth_tenant,true,true,implement,api-contract-team,week_2,runtime+openapi
*,/v1/tokenize,slice_e_residual,true,false,exclude,api-contract-team,week_2,docs/api/openapi_route_coverage_exclusions.txt
GET,/v1/topology,slice_e_residual,true,true,implement,api-contract-team,week_2,runtime+openapi
GET,/v1/traces/inference,slice_e_residual,true,true,implement,api-contract-team,week_2,runtime+openapi
GET,/v1/traces/inference/{trace_id},slice_e_residual,true,true,implement,api-contract-team,week_2,runtime+openapi
GET,/v1/traces/search,slice_e_residual,true,true,implement,api-contract-team,week_2,runtime+openapi
GET,/v1/traces/{trace_id},slice_e_residual,true,true,implement,api-contract-team,week_2,runtime+openapi
GET,/v1/training/backend-readiness,slice_c_training_jobs_checkpoints,true,true,implement,api-contract-team,week_2,runtime+openapi
*,/v1/training/checkpoints/verify,slice_c_training_jobs_checkpoints,true,false,exclude,api-contract-team,week_2,docs/api/openapi_route_coverage_exclusions.txt
GET,/v1/training/dataset_versions/{dataset_version_id}/manifest,slice_c_training_jobs_checkpoints,true,true,implement,api-contract-team,week_2,runtime+openapi
GET,/v1/training/dataset_versions/{dataset_version_id}/rows,slice_c_training_jobs_checkpoints,true,true,implement,api-contract-team,week_2,runtime+openapi
POST,/v1/training/datasets/from-upload,slice_c_training_jobs_checkpoints,true,true,implement,api-contract-team,week_2,runtime+openapi
*,/v1/training/datasets/from-upload/async,slice_c_training_jobs_checkpoints,true,false,exclude,api-contract-team,week_2,docs/api/openapi_route_coverage_exclusions.txt
POST,/v1/training/datasets/generate,slice_c_training_jobs_checkpoints,true,true,implement,api-contract-team,week_2,runtime+openapi
GET|POST,/v1/training/jobs,slice_c_training_jobs_checkpoints,true,true,implement,api-contract-team,week_2,runtime+openapi
POST,/v1/training/jobs/batch-status,slice_c_training_jobs_checkpoints,true,true,implement,api-contract-team,week_2,runtime+openapi
GET,/v1/training/jobs/{job_id},slice_c_training_jobs_checkpoints,true,true,implement,api-contract-team,week_2,runtime+openapi
POST,/v1/training/jobs/{job_id}/cancel,slice_c_training_jobs_checkpoints,true,true,implement,api-contract-team,week_2,runtime+openapi
GET,/v1/training/jobs/{job_id}/chat_bootstrap,slice_c_training_jobs_checkpoints,true,true,implement,api-contract-team,week_2,runtime+openapi
*,/v1/training/jobs/{job_id}/checkpoints/{epoch}/verify,slice_c_training_jobs_checkpoints,true,false,exclude,api-contract-team,week_2,docs/api/openapi_route_coverage_exclusions.txt
POST,/v1/training/jobs/{job_id}/export/coreml,slice_c_training_jobs_checkpoints,true,true,implement,api-contract-team,week_2,runtime+openapi
GET,/v1/training/jobs/{job_id}/metrics,slice_c_training_jobs_checkpoints,true,true,implement,api-contract-team,week_2,runtime+openapi
*,/v1/training/jobs/{job_id}/priority,slice_c_training_jobs_checkpoints,true,false,exclude,api-contract-team,week_2,docs/api/openapi_route_coverage_exclusions.txt
GET,/v1/training/jobs/{job_id}/progress,slice_c_training_jobs_checkpoints,true,true,implement,api-contract-team,week_2,runtime+openapi
GET,/v1/training/jobs/{job_id}/report,slice_c_training_jobs_checkpoints,true,true,implement,api-contract-team,week_2,runtime+openapi
POST,/v1/training/jobs/{job_id}/retry,slice_c_training_jobs_checkpoints,true,true,implement,api-contract-team,week_2,runtime+openapi
GET,/v1/training/preprocessed-cache,slice_c_training_jobs_checkpoints,true,true,implement,api-contract-team,week_2,runtime+openapi
GET,/v1/training/preprocessed-cache/count,slice_c_training_jobs_checkpoints,true,true,implement,api-contract-team,week_2,runtime+openapi
*,/v1/training/preprocessed-cache/{dataset_id},slice_c_training_jobs_checkpoints,true,false,exclude,api-contract-team,week_2,docs/api/openapi_route_coverage_exclusions.txt
POST,/v1/training/preprocessing/status,slice_c_training_jobs_checkpoints,true,true,implement,api-contract-team,week_2,runtime+openapi
GET,/v1/training/queue,slice_c_training_jobs_checkpoints,true,true,implement,api-contract-team,week_2,runtime+openapi
POST,/v1/training/repos/{repo_id}/versions/{version_id}/promote,slice_c_training_jobs_checkpoints,true,true,implement,api-contract-team,week_2,runtime+openapi
POST,/v1/training/sessions,slice_c_training_jobs_checkpoints,true,true,implement,api-contract-team,week_2,runtime+openapi
POST,/v1/training/start,slice_c_training_jobs_checkpoints,true,true,implement,api-contract-team,week_2,runtime+openapi
GET,/v1/training/templates,slice_c_training_jobs_checkpoints,true,true,implement,api-contract-team,week_2,runtime+openapi
GET,/v1/training/templates/{template_id},slice_c_training_jobs_checkpoints,true,true,implement,api-contract-team,week_2,runtime+openapi
PATCH,/v1/training/{job_id}/priority,slice_c_training_jobs_checkpoints,false,true,exclude,api-contract-team,week_2,docs/api/openapi_only_route_allowlist.csv:docs/api/openapi_only_route_allowlist.csv:4
GET,/v1/tutorials,slice_e_tutorials,true,true,implement,api-contract-team,week_2,runtime+openapi
POST,/v1/tutorials/{tutorial_id}/complete,slice_e_tutorials,true,true,implement,api-contract-team,week_2,runtime+openapi
POST,/v1/tutorials/{tutorial_id}/dismiss,slice_e_tutorials,true,true,implement,api-contract-team,week_2,runtime+openapi
POST,/v1/tutorials/{tutorial_id}/incomplete,slice_e_tutorials,false,true,exclude,api-contract-team,week_2,docs/api/openapi_only_route_allowlist.csv:docs/api/openapi_only_route_allowlist.csv:5
POST,/v1/tutorials/{tutorial_id}/undismiss,slice_e_tutorials,false,true,exclude,api-contract-team,week_2,docs/api/openapi_only_route_allowlist.csv:docs/api/openapi_only_route_allowlist.csv:6
GET,/v1/ui/config,slice_e_residual,true,true,implement,api-contract-team,week_2,runtime+openapi
*,/v1/ui/traces/inference/{trace_id},slice_e_residual,true,false,exclude,api-contract-team,week_2,docs/api/openapi_route_coverage_exclusions.txt
GET|POST,/v1/verdicts,slice_e_residual,true,true,implement,api-contract-team,week_2,runtime+openapi
POST,/v1/verdicts/derive,slice_e_residual,true,true,implement,api-contract-team,week_2,runtime+openapi
GET,/v1/verdicts/{inference_id},slice_e_residual,true,true,implement,api-contract-team,week_2,runtime+openapi
*,/v1/version,slice_e_residual,true,false,exclude,api-contract-team,week_2,docs/api/openapi_route_coverage_exclusions.txt
GET,/v1/workers,slice_e_residual,true,true,implement,api-contract-team,week_2,runtime+openapi
POST,/v1/workers/fatal,slice_e_residual,true,true,implement,api-contract-team,week_2,runtime+openapi
GET,/v1/workers/health/summary,slice_e_residual,true,true,implement,api-contract-team,week_2,runtime+openapi
POST,/v1/workers/heartbeat,slice_e_residual,true,true,implement,api-contract-team,week_2,runtime+openapi
POST,/v1/workers/register,slice_e_residual,true,true,implement,api-contract-team,week_2,runtime+openapi
POST,/v1/workers/spawn,slice_e_residual,true,true,implement,api-contract-team,week_2,runtime+openapi
POST,/v1/workers/status,slice_e_residual,true,true,implement,api-contract-team,week_2,runtime+openapi
DELETE,/v1/workers/{worker_id},slice_e_residual,true,true,implement,api-contract-team,week_2,runtime+openapi
GET,/v1/workers/{worker_id}/crashes,slice_e_residual,true,true,implement,api-contract-team,week_2,runtime+openapi
POST,/v1/workers/{worker_id}/debug,slice_e_residual,true,true,implement,api-contract-team,week_2,runtime+openapi
GET,/v1/workers/{worker_id}/detail,slice_e_residual,true,true,implement,api-contract-team,week_2,runtime+openapi
POST,/v1/workers/{worker_id}/drain,slice_e_residual,true,true,implement,api-contract-team,week_2,runtime+openapi
GET,/v1/workers/{worker_id}/history,slice_e_residual,true,true,implement,api-contract-team,week_2,runtime+openapi
GET,/v1/workers/{worker_id}/incidents,slice_e_residual,true,true,implement,api-contract-team,week_2,runtime+openapi
GET,/v1/workers/{worker_id}/logs,slice_e_residual,true,true,implement,api-contract-team,week_2,runtime+openapi
POST,/v1/workers/{worker_id}/restart,slice_e_residual,true,true,implement,api-contract-team,week_2,runtime+openapi
POST,/v1/workers/{worker_id}/stop,slice_e_residual,true,true,implement,api-contract-team,week_2,runtime+openapi
POST,/v1/workers/{worker_id}/troubleshoot,slice_e_residual,true,true,implement,api-contract-team,week_2,runtime+openapi
GET|POST,/v1/workspaces,slice_e_residual,true,true,implement,api-contract-team,week_2,runtime+openapi
GET,/v1/workspaces/me,slice_e_residual,true,true,implement,api-contract-team,week_2,runtime+openapi
DELETE|GET|PUT,/v1/workspaces/{workspace_id},slice_e_residual,true,true,implement,api-contract-team,week_2,runtime+openapi
GET|POST,/v1/workspaces/{workspace_id}/active,slice_e_residual,true,true,implement,api-contract-team,week_2,runtime+openapi
GET,/v1/workspaces/{workspace_id}/active-state,slice_e_residual,true,true,implement,api-contract-team,week_2,runtime+openapi
GET|POST,/v1/workspaces/{workspace_id}/members,slice_e_residual,true,true,implement,api-contract-team,week_2,runtime+openapi
DELETE|PUT,/v1/workspaces/{workspace_id}/members/{member_id},slice_e_residual,true,true,implement,api-contract-team,week_2,runtime+openapi
GET|POST,/v1/workspaces/{workspace_id}/resources,slice_e_residual,true,true,implement,api-contract-team,week_2,runtime+openapi
DELETE,/v1/workspaces/{workspace_id}/resources/{resource_id},slice_e_residual,true,true,implement,api-contract-team,week_2,runtime+openapi
GET,/version,slice_e_residual,true,true,implement,api-contract-team,week_2,runtime+openapi
